{"cameraMode":{"drawMode":0,"name":"Shaded","section":"Shading Mode"},"sceneLighting":true,"audioPlay":false,"sceneViewState":{"showFog":true,"showMaterialUpdate":false,"showSkybox":true,"showFlares":true,"showImageEffects":true,"showParticleSystems":true},"in2DMode":false,"pivot":{"x":246.3230438232422,"y":247.56683349609376,"z":426.7409973144531},"rotation":{"x":-0.1697196662425995,"y":-0.14751389622688294,"z":0.025703147053718568,"w":-0.9740504622459412},"size":398.1256408691406,"orthographic":false}