{"cameraMode":{"drawMode":0,"name":"Shaded","section":"Shading Mode"},"sceneLighting":false,"audioPlay":false,"sceneViewState":{"showFog":true,"showMaterialUpdate":false,"showSkybox":true,"showFlares":true,"showImageEffects":true,"showParticleSystems":true},"in2DMode":false,"pivot":{"x":-5.269213676452637,"y":0.0,"z":28.257009506225587},"rotation":{"x":-0.038619834929704669,"y":0.6243628859519959,"z":0.030930733308196069,"w":0.7795658707618713},"size":0.01687312126159668,"orthographic":false}