{"cameraMode":{"drawMode":0,"name":"Shaded","section":"Shading Mode"},"sceneLighting":false,"audioPlay":false,"sceneViewState":{"showFog":true,"showMaterialUpdate":false,"showSkybox":true,"showFlares":true,"showImageEffects":true,"showParticleSystems":true},"in2DMode":false,"pivot":{"x":-335.57342529296877,"y":35288.7578125,"z":16280.994140625},"rotation":{"x":-0.025806091725826265,"y":0.024884749203920366,"z":-0.0006422337028197944,"w":-0.9993570446968079},"size":106.4384994506836,"orthographic":false}