{"cameraMode":{"drawMode":0,"name":"Shaded","section":"Shading Mode"},"sceneLighting":false,"audioPlay":false,"sceneViewState":{"showFog":true,"showMaterialUpdate":false,"showSkybox":true,"showFlares":true,"showImageEffects":true,"showParticleSystems":true},"in2DMode":false,"pivot":{"x":13.881502151489258,"y":0.2209823727607727,"z":28.46685218811035},"rotation":{"x":-0.038619834929704669,"y":0.6243628859519959,"z":0.030930733308196069,"w":0.7795658707618713},"size":0.01687311939895153,"orthographic":false}