{"cameraMode":{"drawMode":0,"name":"Shaded","section":"Shading Mode"},"sceneLighting":false,"audioPlay":false,"sceneViewState":{"showFog":true,"showMaterialUpdate":false,"showSkybox":true,"showFlares":true,"showImageEffects":true,"showParticleSystems":true},"in2DMode":false,"pivot":{"x":8.638808250427246,"y":1.103074312210083,"z":28.47300148010254},"rotation":{"x":-0.025806091725826265,"y":0.024884749203920366,"z":-0.0006422337028197944,"w":-0.9993570446968079},"size":6.530932903289795,"orthographic":false}