{"cameraMode":{"drawMode":0,"name":"Shaded","section":"Shading Mode"},"sceneLighting":false,"audioPlay":false,"sceneViewState":{"showFog":true,"showMaterialUpdate":false,"showSkybox":true,"showFlares":true,"showImageEffects":true,"showParticleSystems":true},"in2DMode":false,"pivot":{"x":8.581250190734864,"y":1.4308080673217774,"z":23.188566207885743},"rotation":{"x":-0.18422076106071473,"y":-0.2507583498954773,"z":0.04867243766784668,"w":-0.9491121768951416},"size":6.708123683929443,"orthographic":false}