{"cameraMode":{"drawMode":0,"name":"Shaded","section":"Shading Mode"},"sceneLighting":false,"audioPlay":false,"sceneViewState":{"showFog":true,"showMaterialUpdate":false,"showSkybox":true,"showFlares":true,"showImageEffects":true,"showParticleSystems":true},"in2DMode":false,"pivot":{"x":0.21000003814697267,"y":-1.6299999952316285,"z":4.17512321472168},"rotation":{"x":0.14471319317817689,"y":0.8166210651397705,"z":-0.5080093741416931,"w":0.23262564837932588},"size":31.801239013671876,"orthographic":false}