{"cameraMode":{"drawMode":0,"name":"Shaded","section":"Shading Mode"},"sceneLighting":false,"audioPlay":false,"sceneViewState":{"showFog":true,"showMaterialUpdate":false,"showSkybox":true,"showFlares":true,"showImageEffects":true,"showParticleSystems":true},"in2DMode":false,"pivot":{"x":-346.22821044921877,"y":35267.8828125,"z":16256.3701171875},"rotation":{"x":0.05111958086490631,"y":-0.9368720650672913,"z":0.3093310296535492,"w":0.15482860803604127},"size":40.473388671875,"orthographic":false}