{"cameraMode":{"drawMode":0,"name":"Shaded","section":"Shading Mode"},"sceneLighting":true,"audioPlay":false,"sceneViewState":{"showFog":true,"showMaterialUpdate":false,"showSkybox":true,"showFlares":true,"showImageEffects":true,"showParticleSystems":true},"in2DMode":false,"pivot":{"x":21.591604232788087,"y":-47.68482208251953,"z":47.38733673095703},"rotation":{"x":0.3223501741886139,"y":0.14686331152915955,"z":-0.050698526203632358,"w":0.9337832927703857},"size":87.40615844726563,"orthographic":false}