{"cameraMode":{"drawMode":0,"name":"Shaded","section":"Shading Mode"},"sceneLighting":false,"audioPlay":false,"sceneViewState":{"showFog":true,"showMaterialUpdate":false,"showSkybox":true,"showFlares":true,"showImageEffects":true,"showParticleSystems":true},"in2DMode":false,"pivot":{"x":8.638808250427246,"y":1.103074312210083,"z":28.47300148010254},"rotation":{"x":-0.3170141875743866,"y":-0.19610445201396943,"z":0.06717249751091004,"w":-0.92549067735672},"size":6.530932903289795,"orthographic":false}