{"cameraMode":{"drawMode":0,"name":"Shaded","section":"Shading Mode"},"sceneLighting":false,"audioPlay":false,"sceneViewState":{"showFog":true,"showMaterialUpdate":false,"showSkybox":true,"showFlares":true,"showImageEffects":true,"showParticleSystems":true},"in2DMode":false,"pivot":{"x":8.020076751708985,"y":2.976296901702881,"z":29.074745178222658},"rotation":{"x":0.12867213785648347,"y":0.8336452841758728,"z":-0.21865127980709077,"w":0.49058207869529726},"size":1.5475878715515137,"orthographic":false}