{"cameraMode":{"drawMode":0,"name":"Shaded","section":"Shading Mode"},"sceneLighting":false,"audioPlay":false,"sceneViewState":{"showFog":true,"showMaterialUpdate":false,"showSkybox":true,"showFlares":true,"showImageEffects":true,"showParticleSystems":true},"in2DMode":false,"pivot":{"x":8.590337753295899,"y":1.652803659439087,"z":32.24778747558594},"rotation":{"x":-0.25733840465545657,"y":0.07122723013162613,"z":0.01902444288134575,"w":0.9635049104690552},"size":7.096502304077148,"orthographic":false}