{"cameraMode":{"drawMode":0,"name":"Shaded","section":"Shading Mode"},"sceneLighting":true,"audioPlay":false,"sceneViewState":{"showFog":true,"showMaterialUpdate":false,"showSkybox":true,"showFlares":true,"showImageEffects":true,"showParticleSystems":true},"in2DMode":false,"pivot":{"x":2.258716344833374,"y":-0.3005385398864746,"z":-10.333780288696289},"rotation":{"x":-0.2614477872848511,"y":-0.2647407650947571,"z":0.07481333613395691,"w":-0.9251813292503357},"size":10.876068115234375,"orthographic":false}