{"cameraMode":{"drawMode":0,"name":"Shaded","section":"Shading Mode"},"sceneLighting":false,"audioPlay":false,"sceneViewState":{"showFog":true,"showMaterialUpdate":true,"showSkybox":true,"showFlares":true,"showImageEffects":true,"showParticleSystems":true},"in2DMode":false,"pivot":{"x":-0.13101887702941895,"y":1.6264219284057618,"z":28.5421199798584},"rotation":{"x":0.058732062578201297,"y":0.9353582859039307,"z":-0.29492688179016116,"w":0.186208575963974},"size":7.751918792724609,"orthographic":false}