{"cameraMode":{"drawMode":0,"name":"Shaded","section":"Shading Mode"},"sceneLighting":false,"audioPlay":false,"sceneViewState":{"showFog":true,"showMaterialUpdate":true,"showSkybox":true,"showFlares":true,"showImageEffects":true,"showParticleSystems":true},"in2DMode":false,"pivot":{"x":-333.1224670410156,"y":35272.49609375,"z":16290.4345703125},"rotation":{"x":0.06316719949245453,"y":0.8543954491615295,"z":-0.5045641660690308,"w":0.10692735761404038},"size":164.10133361816407,"orthographic":false}