{"cameraMode":{"drawMode":0,"name":"Shaded","section":"Shading Mode"},"sceneLighting":false,"audioPlay":false,"sceneViewState":{"showFog":true,"showMaterialUpdate":true,"showSkybox":true,"showFlares":true,"showImageEffects":true,"showParticleSystems":true},"in2DMode":false,"pivot":{"x":8.590337753295899,"y":1.652803659439087,"z":32.24778747558594},"rotation":{"x":0.2362874150276184,"y":0.5239951610565186,"z":-0.15404009819030763,"w":0.8036597967147827},"size":7.096502304077148,"orthographic":false}