{"cameraMode":{"drawMode":0,"name":"Shaded","section":"Shading Mode"},"sceneLighting":false,"audioPlay":false,"sceneViewState":{"showFog":true,"showMaterialUpdate":false,"showSkybox":true,"showFlares":true,"showImageEffects":true,"showParticleSystems":true},"in2DMode":false,"pivot":{"x":-335.57342529296877,"y":35288.7578125,"z":16280.994140625},"rotation":{"x":0.36704757809638979,"y":-0.2876330614089966,"z":0.12046298384666443,"w":0.876374363899231},"size":106.4384994506836,"orthographic":false}