{"cameraMode":{"drawMode":0,"name":"Shaded","section":"Shading Mode"},"sceneLighting":true,"audioPlay":false,"sceneViewState":{"showFog":true,"showMaterialUpdate":false,"showSkybox":true,"showFlares":true,"showImageEffects":true,"showParticleSystems":true},"in2DMode":false,"pivot":{"x":245.07643127441407,"y":-257.4719543457031,"z":-258.01318359375},"rotation":{"x":-0.38969331979751589,"y":0.17302878201007844,"z":-0.07479660212993622,"w":-0.9014464020729065},"size":1213.30078125,"orthographic":false}